series,issue_month,first_period_rate,margin,early_redemption_fee
EDO0126,2016-01-01,2.50,1.50,2.00
EDO0226,2016-02-01,2.50,1.50,2.00
EDO0326,2016-03-01,2.50,1.50,2.00
EDO0426,2016-04-01,2.50,1.50,2.00
EDO0526,2016-05-01,2.50,1.50,2.00
EDO0626,2016-06-01,2.50,1.50,2.00
EDO0726,2016-07-01,2.50,1.50,2.00
EDO0826,2016-08-01,2.50,1.50,2.00
EDO0926,2016-09-01,2.50,1.50,2.00
EDO1026,2016-10-01,2.50,1.50,2.00
EDO1126,2016-11-01,2.50,1.50,2.00
EDO1226,2016-12-01,2.70,1.50,2.00
EDO0127,2017-01-01,2.70,1.50,2.00
EDO0227,2017-02-01,2.70,1.50,2.00
EDO0327,2017-03-01,2.70,1.50,2.00
EDO0427,2017-04-01,2.70,1.50,2.00
EDO0527,2017-05-01,2.70,1.50,2.00
EDO0627,2017-06-01,2.70,1.50,2.00
EDO0727,2017-07-01,2.70,1.50,2.00
EDO0827,2017-08-01,2.70,1.50,2.00
EDO0927,2017-09-01,2.70,1.50,2.00
EDO1027,2017-10-01,2.70,1.50,2.00
EDO1127,2017-11-01,2.70,1.50,2.00
EDO1227,2017-12-01,2.70,1.50,2.00
EDO0128,2018-01-01,2.70,1.50,2.00
EDO0228,2018-02-01,2.70,1.50,2.00
EDO0328,2018-03-01,2.70,1.50,2.00
EDO0428,2018-04-01,2.70,1.50,2.00
EDO0528,2018-05-01,2.70,1.50,2.00
EDO0628,2018-06-01,2.70,1.50,2.00
EDO0728,2018-07-01,2.70,1.50,2.00
EDO0828,2018-08-01,2.70,1.50,2.00
EDO0928,2018-09-01,2.70,1.50,2.00
EDO1028,2018-10-01,2.70,1.50,2.00
EDO1128,2018-11-01,2.70,1.50,2.00
EDO1228,2018-12-01,2.70,1.50,2.00
EDO0129,2019-01-01,2.70,1.50,2.00
EDO0229,2019-02-01,2.70,1.50,2.00
EDO0329,2019-03-01,2.70,1.50,2.00
EDO0429,2019-04-01,2.70,1.50,2.00
EDO0529,2019-05-01,2.70,1.50,2.00
EDO0629,2019-06-01,2.70,1.50,2.00
EDO0729,2019-07-01,2.70,1.50,2.00
EDO0829,2019-08-01,2.70,1.50,2.00
EDO0929,2019-09-01,2.70,1.50,2.00
EDO1029,2019-10-01,2.70,1.50,2.00
EDO1129,2019-11-01,2.70,1.50,2.00
EDO1229,2019-12-01,2.70,1.50,2.00
EDO0130,2020-01-01,2.70,1.50,2.00
EDO0230,2020-02-01,2.70,1.50,2.00
EDO0330,2020-03-01,2.70,1.50,2.00
EDO0430,2020-04-01,2.70,1.50,2.00
EDO0530,2020-05-01,1.70,1.00,2.00
EDO0630,2020-06-01,1.70,1.00,2.00
EDO0730,2020-07-01,1.70,1.00,2.00
EDO0830,2020-08-01,1.70,1.00,2.00
EDO0930,2020-09-01,1.70,1.00,2.00
EDO1030,2020-10-01,1.70,1.00,2.00
EDO1130,2020-11-01,1.70,1.00,2.00
EDO1230,2020-12-01,1.70,1.00,2.00
EDO0131,2021-01-01,1.70,1.00,2.00
EDO0231,2021-02-01,1.70,1.00,2.00
EDO0331,2021-03-01,1.70,1.00,2.00
EDO0431,2021-04-01,1.70,1.00,2.00
EDO0531,2021-05-01,1.70,1.00,2.00
EDO0631,2021-06-01,1.70,1.00,2.00
EDO0731,2021-07-01,1.70,1.00,2.00
EDO0831,2021-08-01,1.70,1.00,2.00
EDO0931,2021-09-01,1.70,1.00,2.00
EDO1031,2021-10-01,1.70,1.00,2.00
EDO1131,2021-11-01,1.70,1.00,2.00
EDO1231,2021-12-01,1.70,1.00,2.00
EDO0132,2022-01-01,1.70,1.00,2.00
EDO0232,2022-02-01,2.20,1.25,2.00
EDO0332,2022-03-01,2.20,1.25,2.00
EDO0432,2022-04-01,2.70,1.25,2.00
EDO0532,2022-05-01,3.70,1.25,2.00
EDO0632,2022-06-01,5.75,1.25,2.00
EDO0732,2022-07-01,6.25,1.25,2.00
EDO0832,2022-08-01,6.75,1.25,2.00
EDO0932,2022-09-01,6.75,1.25,2.00
EDO1032,2022-10-01,7.25,1.25,2.00
EDO1132,2022-11-01,7.25,1.25,2.00
EDO1232,2022-12-01,7.25,1.25,2.00
EDO0133,2023-01-01,7.25,1.25,2.00
EDO0233,2023-02-01,7.25,1.25,2.00
EDO0333,2023-03-01,7.25,1.25,2.00
EDO0433,2023-04-01,7.25,1.25,2.00
EDO0533,2023-05-01,7.25,1.25,2.00
EDO0633,2023-06-01,7.25,1.25,2.00
EDO0733,2023-07-01,7.25,1.25,2.00
EDO0833,2023-08-01,7.25,1.25,2.00
EDO0933,2023-09-01,7.25,1.25,2.00
EDO1033,2023-10-01,7.25,1.50,2.00
EDO1133,2023-11-01,7.00,1.50,2.00
EDO1233,2023-12-01,7.00,1.50,2.00
EDO0134,2024-01-01,6.90,1.50,2.00
EDO0234,2024-02-01,6.80,1.50,2.00
EDO0334,2024-03-01,6.80,1.50,2.00
EDO0434,2024-04-01,6.80,1.50,2.00
EDO0534,2024-05-01,6.80,1.50,2.00
EDO0634,2024-06-01,6.80,2.00,2.00
EDO0734,2024-07-01,6.80,2.00,2.00
EDO0834,2024-08-01,6.80,2.00,2.00
EDO0934,2024-09-01,6.55,2.00,3.00
EDO1034,2024-10-01,6.55,2.00,3.00
EDO1134,2024-11-01,6.55,2.00,3.00
EDO1234,2024-12-01,6.55,2.00,3.00
EDO0135,2025-01-01,6.55,2.00,3.00
EDO0235,2025-02-01,6.55,2.00,3.00
EDO0335,2025-03-01,6.55,2.00,3.00
EDO0435,2025-04-01,6.55,2.00,3.00
EDO0535,2025-05-01,6.35,2.00,3.00
EDO0635,2025-06-01,6.25,2.00,3.00
EDO0735,2025-07-01,6.25,2.00,3.00
EDO0835,2025-08-01,6.00,2.00,3.00
EDO0935,2025-09-01,6.00,2.00,3.00
EDO1035,2025-10-01,6.00,2.00,3.00
EDO1135,2025-11-01,5.75,2.00,3.00
EDO1235,2025-12-01,5.60,2.00,3.00
EDO0136,2026-01-01,5.60,2.00,3.00
EDO0236,2026-02-01,5.60,2.00,3.00
EDO0336,2026-03-01,5.60,2.00,3.00
EDO0436,2026-04-01,5.35,2.00,3.00
EDO0536,2026-05-01,5.35,2.00,3.00
EDO0636,2026-06-01,5.35,2.00,3.00
EDO0736,2026-07-01,5.35,2.00,3.00
EDO0836,2026-08-01,5.35,2.00,3.00
EDO0936,2026-09-01,5.35,2.00,3.00
EDO1036,2026-10-01,5.35,2.00,3.00
